"","baseMean","log2FoldChange","lfcSE","stat","pvalue","padj"
"MC4R",45.1599374297685,1.50713233654514,0.358673065357056,4.20196686652455,2.6460586960134e-05,0.000899659956644557
"SIM1",35.2066927070382,1.74877741327521,0.513918482787578,3.40283035509748,0.000666916759659876,0.0113375849142179
