"","logFC","logCPM","F","PValue","FDR"
"NTRK2",-1.84067614298553,14.4601151410352,182.879121219065,1.04556173321844e-05,0.000386857841290823
"SIM1",1.6939137473315,14.663228849062,83.0982483845724,9.87644800085587e-05,0.00086662579517072
"UBR2",1.6611482344963,16.0079948443192,78.0143349260484,0.000117111593941989,0.00086662579517072
"MC4R",1.48720057237514,15.0070628462935,47.2352691543868,0.000469002136099971,0.00247901129081413
"FTO",3.4570034133176,15.6368247601866,38.9007046798149,0.000796878949204098,0.00368556514006895
